<?xml version="1.0" encoding="utf-8"?><!-- Copyright (c) Microsoft Corporation.  All rights reserved. --><GroupPolicyBackupScheme bkp:version="2.0" bkp:type="GroupPolicyBackupTemplate" xmlns:bkp="http://www.microsoft.com/GroupPolicy/GPOOperations" xmlns="http://www.microsoft.com/GroupPolicy/GPOOperations">
    <GroupPolicyObject><SecurityGroups><Group bkp:Source="FromDACL"><Sid><![CDATA[S-1-5-21-408370976-3495071396-552158786-519]]></Sid><SamAccountName><![CDATA[Enterprise Admins]]></SamAccountName><Type><![CDATA[UniversalGroup]]></Type><NetBIOSDomainName><![CDATA[intrx]]></NetBIOSDomainName><DnsDomainName><![CDATA[i.intrx.se]]></DnsDomainName><UPN><![CDATA[Enterprise Admins@i.intrx.se]]></UPN></Group><Group bkp:Source="FromDACL"><Sid><![CDATA[S-1-5-21-408370976-3495071396-552158786-512]]></Sid><SamAccountName><![CDATA[Domain Admins]]></SamAccountName><Type><![CDATA[GlobalGroup]]></Type><NetBIOSDomainName><![CDATA[intrx]]></NetBIOSDomainName><DnsDomainName><![CDATA[i.intrx.se]]></DnsDomainName><UPN><![CDATA[Domain Admins@i.intrx.se]]></UPN></Group></SecurityGroups><FilePaths/><GroupPolicyCoreSettings><ID><![CDATA[{D41F27CE-BA30-4533-8386-E7608DD7B53F}]]></ID><Domain><![CDATA[i.intrx.se]]></Domain><SecurityDescriptor>01 00 04 9c 00 00 00 00 00 00 00 00 00 00 00 00 14 00 00 00 04 00 ec 00 08 00 00 00 05 02 28 00 00 01 00 00 01 00 00 00 8f fd ac ed b3 ff d1 11 b4 1d 00 a0 c9 68 f9 39 01 01 00 00 00 00 00 05 0b 00 00 00 00 00 24 00 ff 00 0f 00 01 05 00 00 00 00 00 05 15 00 00 00 20 3f 57 18 a4 8e 52 d0 42 46 e9 20 00 02 00 00 00 02 24 00 ff 00 0f 00 01 05 00 00 00 00 00 05 15 00 00 00 20 3f 57 18 a4 8e 52 d0 42 46 e9 20 00 02 00 00 00 02 24 00 ff 00 0f 00 01 05 00 00 00 00 00 05 15 00 00 00 20 3f 57 18 a4 8e 52 d0 42 46 e9 20 07 02 00 00 00 02 14 00 94 00 02 00 01 01 00 00 00 00 00 05 09 00 00 00 00 02 14 00 94 00 02 00 01 01 00 00 00 00 00 05 0b 00 00 00 00 02 14 00 ff 00 0f 00 01 01 00 00 00 00 00 05 12 00 00 00 00 0a 14 00 ff 00 0f 00 01 01 00 00 00 00 00 03 00 00 00 00</SecurityDescriptor><DisplayName><![CDATA[RDS - C - FSLogix Settings]]></DisplayName><Options><![CDATA[0]]></Options><UserVersionNumber><![CDATA[65537]]></UserVersionNumber><MachineVersionNumber><![CDATA[262148]]></MachineVersionNumber><MachineExtensionGuids><![CDATA[[{35378EAC-683F-11D2-A89A-00C04FBBCFA2}{D02B1F72-3407-48AE-BA88-E8213C6761F1}]]]></MachineExtensionGuids><UserExtensionGuids/><WMIFilter/></GroupPolicyCoreSettings> 
        <GroupPolicyExtension bkp:ID="{35378EAC-683F-11D2-A89A-00C04FBBCFA2}" bkp:DescName="Registry">
            <FSObjectFile bkp:Path="%GPO_MACH_FSPATH%\registry.pol" bkp:SourceExpandedPath="\\INTRX-DC01.i.intrx.se\sysvol\i.intrx.se\Policies\{D41F27CE-BA30-4533-8386-E7608DD7B53F}\Machine\registry.pol" bkp:Location="DomainSysvol\GPO\Machine\registry.pol"/>
            
            <FSObjectFile bkp:Path="%GPO_FSPATH%\Adm\*.*" bkp:SourceExpandedPath="\\INTRX-DC01.i.intrx.se\sysvol\i.intrx.se\Policies\{D41F27CE-BA30-4533-8386-E7608DD7B53F}\Adm\*.*"/>
        </GroupPolicyExtension>
        
        
        
        
        
        
        
        
        
    <GroupPolicyExtension bkp:ID="{F15C46CD-82A0-4C2D-A210-5D0D3182A418}" bkp:DescName="Unknown Extension"><FSObjectFile bkp:Path="%GPO_MACH_FSPATH%\comment.cmtx" bkp:SourceExpandedPath="\\INTRX-DC01.i.intrx.se\sysvol\i.intrx.se\Policies\{D41F27CE-BA30-4533-8386-E7608DD7B53F}\Machine\comment.cmtx" bkp:Location="DomainSysvol\GPO\Machine\comment.cmtx"/><FSObjectDir bkp:Path="%GPO_MACH_FSPATH%\Scripts" bkp:SourceExpandedPath="\\INTRX-DC01.i.intrx.se\sysvol\i.intrx.se\Policies\{D41F27CE-BA30-4533-8386-E7608DD7B53F}\Machine\Scripts" bkp:Location="DomainSysvol\GPO\Machine\Scripts"/><FSObjectDir bkp:Path="%GPO_MACH_FSPATH%\Scripts\Shutdown" bkp:SourceExpandedPath="\\INTRX-DC01.i.intrx.se\sysvol\i.intrx.se\Policies\{D41F27CE-BA30-4533-8386-E7608DD7B53F}\Machine\Scripts\Shutdown" bkp:Location="DomainSysvol\GPO\Machine\Scripts\Shutdown"/><FSObjectDir bkp:Path="%GPO_MACH_FSPATH%\Scripts\Startup" bkp:SourceExpandedPath="\\INTRX-DC01.i.intrx.se\sysvol\i.intrx.se\Policies\{D41F27CE-BA30-4533-8386-E7608DD7B53F}\Machine\Scripts\Startup" bkp:Location="DomainSysvol\GPO\Machine\Scripts\Startup"/><FSObjectDir bkp:Path="%GPO_USER_FSPATH%\Applications" bkp:SourceExpandedPath="\\INTRX-DC01.i.intrx.se\sysvol\i.intrx.se\Policies\{D41F27CE-BA30-4533-8386-E7608DD7B53F}\User\Applications" bkp:Location="DomainSysvol\GPO\User\Applications"/><FSObjectDir bkp:Path="%GPO_USER_FSPATH%\Documents &amp; Settings" bkp:SourceExpandedPath="\\INTRX-DC01.i.intrx.se\sysvol\i.intrx.se\Policies\{D41F27CE-BA30-4533-8386-E7608DD7B53F}\User\Documents &amp; Settings" bkp:Location="DomainSysvol\GPO\User\Documents &amp; Settings"/><FSObjectDir bkp:Path="%GPO_USER_FSPATH%\Scripts" bkp:SourceExpandedPath="\\INTRX-DC01.i.intrx.se\sysvol\i.intrx.se\Policies\{D41F27CE-BA30-4533-8386-E7608DD7B53F}\User\Scripts" bkp:Location="DomainSysvol\GPO\User\Scripts"/><FSObjectDir bkp:Path="%GPO_USER_FSPATH%\Scripts\Logoff" bkp:SourceExpandedPath="\\INTRX-DC01.i.intrx.se\sysvol\i.intrx.se\Policies\{D41F27CE-BA30-4533-8386-E7608DD7B53F}\User\Scripts\Logoff" bkp:Location="DomainSysvol\GPO\User\Scripts\Logoff"/><FSObjectDir bkp:Path="%GPO_USER_FSPATH%\Scripts\Logon" bkp:SourceExpandedPath="\\INTRX-DC01.i.intrx.se\sysvol\i.intrx.se\Policies\{D41F27CE-BA30-4533-8386-E7608DD7B53F}\User\Scripts\Logon" bkp:Location="DomainSysvol\GPO\User\Scripts\Logon"/></GroupPolicyExtension></GroupPolicyObject>
</GroupPolicyBackupScheme>