<BackupInst xmlns="http://www.microsoft.com/GroupPolicy/GPOOperations/Manifest"><GPOGuid><![CDATA[{D41F27CE-BA30-4533-8386-E7608DD7B53F}]]></GPOGuid><GPODomain><![CDATA[i.intrx.se]]></GPODomain><GPODomainGuid><![CDATA[{5c338af6-bd49-4282-b633-079b7d6ad1e4}]]></GPODomainGuid><GPODomainController><![CDATA[INTRX-DC01.i.intrx.se]]></GPODomainController><BackupTime><![CDATA[2021-06-23T11:03:33]]></BackupTime><ID><![CDATA[{9EAEC0EB-D3C8-45A3-8E76-372E4FCE6B33}]]></ID><Comment><![CDATA[]]></Comment><GPODisplayName><![CDATA[RDS - C - FSLogix Settings]]></GPODisplayName></BackupInst>
